{
  "tiles": {
    "archivo_final_unido_38_20": {
      "filename": "archivo_final_unido_38_20.tif",
      "bounds": {
        "north": -49.46680566666667,
        "south": -50.53347233333334,
        "east": -68.66680566666668,
        "west": -69.73347233333334
      }
    },
    "archivo_final_unido_42_15": {
      "filename": "archivo_final_unido_42_15.tif",
      "bounds": {
        "north": -53.73347233333334,
        "south": -54.80013900000001,
        "east": -74.000139,
        "west": -75.06680566666667
      }
    },
    "archivo_final_unido_38_21": {
      "filename": "archivo_final_unido_38_21.tif",
      "bounds": {
        "north": -49.46680566666667,
        "south": -50.53347233333334,
        "east": -67.60013900000001,
        "west": -68.66680566666668
      }
    },
    "archivo_final_unido_38_23": {
      "filename": "archivo_final_unido_38_23.tif",
      "bounds": {
        "north": -49.46680566666667,
        "south": -50.53347233333334,
        "east": -65.46680566666667,
        "west": -66.53347233333334
      }
    },
    "archivo_final_unido_42_16": {
      "filename": "archivo_final_unido_42_16.tif",
      "bounds": {
        "north": -53.73347233333334,
        "south": -54.80013900000001,
        "east": -72.93347233333334,
        "west": -74.000139
      }
    },
    "archivo_final_unido_42_17": {
      "filename": "archivo_final_unido_42_17.tif",
      "bounds": {
        "north": -53.73347233333334,
        "south": -54.80013900000001,
        "east": -71.86680566666668,
        "west": -72.93347233333334
      }
    },
    "archivo_final_unido_38_22": {
      "filename": "archivo_final_unido_38_22.tif",
      "bounds": {
        "north": -49.46680566666667,
        "south": -50.53347233333334,
        "east": -66.53347233333335,
        "west": -67.60013900000001
      }
    },
    "archivo_final_unido_40_16": {
      "filename": "archivo_final_unido_40_16.tif",
      "bounds": {
        "north": -51.600139,
        "south": -52.66680566666667,
        "east": -72.93347233333334,
        "west": -74.000139
      }
    },
    "archivo_final_unido_40_17": {
      "filename": "archivo_final_unido_40_17.tif",
      "bounds": {
        "north": -51.600139,
        "south": -52.66680566666667,
        "east": -71.86680566666668,
        "west": -72.93347233333334
      }
    },
    "archivo_final_unido_40_15": {
      "filename": "archivo_final_unido_40_15.tif",
      "bounds": {
        "north": -51.600139,
        "south": -52.66680566666667,
        "east": -74.000139,
        "west": -75.06680566666667
      }
    },
    "archivo_final_unido_38_19": {
      "filename": "archivo_final_unido_38_19.tif",
      "bounds": {
        "north": -49.46680566666667,
        "south": -50.53347233333334,
        "east": -69.73347233333334,
        "west": -70.800139
      }
    },
    "archivo_final_unido_38_25": {
      "filename": "archivo_final_unido_38_25.tif",
      "bounds": {
        "north": -49.46680566666667,
        "south": -50.53347233333334,
        "east": -63.333472333333326,
        "west": -64.400139
      }
    },
    "archivo_final_unido_38_24": {
      "filename": "archivo_final_unido_38_24.tif",
      "bounds": {
        "north": -49.46680566666667,
        "south": -50.53347233333334,
        "east": -64.40013900000001,
        "west": -65.46680566666667
      }
    },
    "archivo_final_unido_38_18": {
      "filename": "archivo_final_unido_38_18.tif",
      "bounds": {
        "north": -49.46680566666667,
        "south": -50.53347233333334,
        "east": -70.800139,
        "west": -71.86680566666666
      }
    },
    "archivo_final_unido_39_17": {
      "filename": "archivo_final_unido_39_17.tif",
      "bounds": {
        "north": -50.533472333333336,
        "south": -51.600139000000006,
        "east": -71.86680566666668,
        "west": -72.93347233333334
      }
    },
    "archivo_final_unido_43_22": {
      "filename": "archivo_final_unido_43_22.tif",
      "bounds": {
        "north": -54.800139,
        "south": -55.86680566666667,
        "east": -66.53347233333335,
        "west": -67.60013900000001
      }
    },
    "archivo_final_unido_43_23": {
      "filename": "archivo_final_unido_43_23.tif",
      "bounds": {
        "north": -54.800139,
        "south": -55.86680566666667,
        "east": -65.46680566666667,
        "west": -66.53347233333334
      }
    },
    "archivo_final_unido_39_16": {
      "filename": "archivo_final_unido_39_16.tif",
      "bounds": {
        "north": -50.533472333333336,
        "south": -51.600139000000006,
        "east": -72.93347233333334,
        "west": -74.000139
      }
    },
    "archivo_final_unido_43_21": {
      "filename": "archivo_final_unido_43_21.tif",
      "bounds": {
        "north": -54.800139,
        "south": -55.86680566666667,
        "east": -67.60013900000001,
        "west": -68.66680566666668
      }
    },
    "archivo_final_unido_41_24": {
      "filename": "archivo_final_unido_41_24.tif",
      "bounds": {
        "north": -52.66680566666666,
        "south": -53.73347233333333,
        "east": -64.40013900000001,
        "west": -65.46680566666667
      }
    },
    "archivo_final_unido_41_18": {
      "filename": "archivo_final_unido_41_18.tif",
      "bounds": {
        "north": -52.66680566666666,
        "south": -53.73347233333333,
        "east": -70.800139,
        "west": -71.86680566666666
      }
    },
    "archivo_final_unido_41_19": {
      "filename": "archivo_final_unido_41_19.tif",
      "bounds": {
        "north": -52.66680566666666,
        "south": -53.73347233333333,
        "east": -69.73347233333334,
        "west": -70.800139
      }
    },
    "archivo_final_unido_41_25": {
      "filename": "archivo_final_unido_41_25.tif",
      "bounds": {
        "north": -52.66680566666666,
        "south": -53.73347233333333,
        "east": -63.333472333333326,
        "west": -64.400139
      }
    },
    "archivo_final_unido_43_20": {
      "filename": "archivo_final_unido_43_20.tif",
      "bounds": {
        "north": -54.800139,
        "south": -55.86680566666667,
        "east": -68.66680566666668,
        "west": -69.73347233333334
      }
    },
    "archivo_final_unido_39_15": {
      "filename": "archivo_final_unido_39_15.tif",
      "bounds": {
        "north": -50.533472333333336,
        "south": -51.600139000000006,
        "east": -74.000139,
        "west": -75.06680566666667
      }
    },
    "archivo_final_unido_43_18": {
      "filename": "archivo_final_unido_43_18.tif",
      "bounds": {
        "north": -54.800139,
        "south": -55.86680566666667,
        "east": -70.800139,
        "west": -71.86680566666666
      }
    },
    "archivo_final_unido_43_24": {
      "filename": "archivo_final_unido_43_24.tif",
      "bounds": {
        "north": -54.800139,
        "south": -55.86680566666667,
        "east": -64.40013900000001,
        "west": -65.46680566666667
      }
    },
    "archivo_final_unido_41_21": {
      "filename": "archivo_final_unido_41_21.tif",
      "bounds": {
        "north": -52.66680566666666,
        "south": -53.73347233333333,
        "east": -67.60013900000001,
        "west": -68.66680566666668
      }
    },
    "archivo_final_unido_41_20": {
      "filename": "archivo_final_unido_41_20.tif",
      "bounds": {
        "north": -52.66680566666666,
        "south": -53.73347233333333,
        "east": -68.66680566666668,
        "west": -69.73347233333334
      }
    },
    "archivo_final_unido_43_25": {
      "filename": "archivo_final_unido_43_25.tif",
      "bounds": {
        "north": -54.800139,
        "south": -55.86680566666667,
        "east": -63.333472333333326,
        "west": -64.400139
      }
    },
    "archivo_final_unido_43_19": {
      "filename": "archivo_final_unido_43_19.tif",
      "bounds": {
        "north": -54.800139,
        "south": -55.86680566666667,
        "east": -69.73347233333334,
        "west": -70.800139
      }
    },